    {
    "version": "20131101",
    "logo": "http://image.aladin.co.kr/img/header/2011/aladin_logo_new.gif",
    "title": "알라딘 검색결과 - 한국사",
    "link": "http://www.aladin.co.kr/search/wsearchresult.aspx?KeyTitle=%c7%d1%b1%b9%bb%e7&amp;SearchTarget=book&amp;partner=openAPI",
    "pubDate": "Mon, 11 Dec 2023 17:35:18 GMT",
    "totalResults": 10237,
    "startIndex": 1,
    "itemsPerPage": 10,
    "query": "한국사",
    "searchCategoryId": 0,
    "searchCategoryName": "전체",
    "item": [
        {
        "title": "설민석의 한국사 대모험 27 - 최재형 편 : 기념관의 유령",
        "link": "http://www.aladin.co.kr/shop/wproduct.aspx?ItemId=329380533&amp;partner=openAPI&amp;start=api",
        "author": "설민석, 스토리박스 (지은이), 정현희 (그림), 강석화 (감수)",
        "pubDate": "2023-11-27",
        "description": "2017년 1권이 처음 출간된 이래, 누적 판매 부수 500만 부라는 경이적인 수치를 기록하며 대한민국 대표 어린이 역사책으로 굳건히 자리매김한 &lt;설민석의 한국사 대모험&gt;은 아이들이 처음 접하는 한국사를 재미있는 만화와 깊이 있는 부록으로 쉽고, 재미있고, 유익하게 전달한다.",
        "isbn": "K362936040",
        "isbn13": "9791193031100",
        "itemId": 329380533,
        "priceSales": 11700,
        "priceStandard": 13000,
        "mallType": "BOOK",
        "stockStatus": "",
        "mileage": 650,
        "cover": "https://image.aladin.co.kr/product/32938/5/coversum/k362936040_1.jpg",
        "categoryId": 48904,
        "categoryName": "국내도서>어린이>초등 한국사",
        "publisher": "단꿈아이",
        "salesPoint": 34600,
        "adult": false,
        "fixedPrice": true,
        "customerReviewRank": 10,
        "seriesInfo": {
            "seriesId": 120172,
            "seriesLink": "http://www.aladin.co.kr/shop/common/wseriesitem.aspx?SRID=120172&amp;partner=openAPI",
            "seriesName": "설민석의 한국사 대모험 27"
        },
        "subInfo": {}
        },
        {
        "title": "황현필의 한국사 평생 일력",
        "link": "http://www.aladin.co.kr/shop/wproduct.aspx?ItemId=328582450&amp;partner=openAPI&amp;start=api",
        "author": "황현필 (지은이)",
        "pubDate": "2023-11-11",
        "description": "저자가 직접 선정한 한국사 365일을 하루에 한 장씩 담았다. 1월 1일부터 12월 31일까지 하루하루 그날과 관련된 한국사를 고대사부터 현대사에 이르기까지 사건, 인물, 문화유산 등 다양한 주제로 소개한다. 더불어 오늘 있었던 다른 역사를 함께 소개한다.",
        "isbn": "K082936019",
        "isbn13": "9791197693090",
        "itemId": 328582450,
        "priceSales": 19800,
        "priceStandard": 22000,
        "mallType": "BOOK",
        "stockStatus": "",
        "mileage": 1100,
        "cover": "https://image.aladin.co.kr/product/32858/24/coversum/k082936019_2.jpg",
        "categoryId": 52593,
        "categoryName": "국내도서>역사>한국사 일반",
        "publisher": "역바연",
        "salesPoint": 59820,
        "adult": false,
        "fixedPrice": true,
        "customerReviewRank": 9,
        "subInfo": {}
        },
        {
        "title": "최태성의 365 한국사 일력 - 곁에 두고 쉽게 배우는 오늘의 역사",
        "link": "http://www.aladin.co.kr/shop/wproduct.aspx?ItemId=327092111&amp;partner=openAPI&amp;start=api",
        "author": "최태성 (지은이)",
        "pubDate": "2023-11-06",
        "description": "일상에서 역사를 만나는 가장 쉬운 방법 《최태성의 365 한국사 일력》. 누적 수강생 600만이 선택한 대표 한국사 강사 최태성이 과거 오늘과 관련된 역사적 인물, 사건, 문화재 366개를 뽑아 한국사 일력에 담았다.",
        "isbn": "K972936879",
        "isbn13": "9791193401002",
        "itemId": 327092111,
        "priceSales": 19800,
        "priceStandard": 22000,
        "mallType": "BOOK",
        "stockStatus": "",
        "mileage": 1100,
        "cover": "https://image.aladin.co.kr/product/32709/21/coversum/k972936879_2.jpg",
        "categoryId": 52593,
        "categoryName": "국내도서>역사>한국사 일반",
        "publisher": "프런트페이지",
        "salesPoint": 35565,
        "adult": false,
        "fixedPrice": true,
        "customerReviewRank": 10,
        "subInfo": {}
        },
        {
        "title": "벌거벗은 한국사 : 영웅편 - 본격 우리 역사 스토리텔링쇼",
        "link": "http://www.aladin.co.kr/shop/wproduct.aspx?ItemId=329693979&amp;partner=openAPI&amp;start=api",
        "author": "tvN STORY &lt;벌거벗은 한국사&gt; 제작진 (지은이), 최태성 (감수)",
        "pubDate": "2023-12-04",
        "description": "tvN STORY 간판 프로그램 〈벌거벗은 한국사〉에서 가장 사랑받은 영웅들의 이야기를 모은『벌거벗은 한국사: 영웅편』이 우리 곁을 찾아왔다. 회차를 거듭할수록 역사 강의 중 가장 생생하고 흥미롭다는 찬사를 받는 〈벌거벗은 한국사〉는 대한민국 대표 역사 커뮤니케이터 최태성이 안내하는 한국사 스토리텔링쇼로 입지를 굳혔다.",
        "isbn": "K182936352",
        "isbn13": "9791193401057",
        "itemId": 329693979,
        "priceSales": 16920,
        "priceStandard": 18800,
        "mallType": "BOOK",
        "stockStatus": "",
        "mileage": 940,
        "cover": "https://image.aladin.co.kr/product/32969/39/coversum/k182936352_1.jpg",
        "categoryId": 52593,
        "categoryName": "국내도서>역사>한국사 일반",
        "publisher": "프런트페이지",
        "salesPoint": 4400,
        "adult": false,
        "fixedPrice": true,
        "customerReviewRank": 10,
        "seriesInfo": {
            "seriesId": 1070154,
            "seriesLink": "http://www.aladin.co.kr/shop/common/wseriesitem.aspx?SRID=1070154&amp;partner=openAPI",
            "seriesName": "벌거벗은 한국사 "
        },
        "subInfo": {}
        },
        {
        "title": "2024 큰별쌤 최태성의 별★별한국사 한국사능력검정시험 심화(1, 2, 3급) 상 - 한국사능력검정시험 심화(1, 2, 3급)에 대비한 맞춤 기본서",
        "link": "http://www.aladin.co.kr/shop/wproduct.aspx?ItemId=329745037&amp;partner=openAPI&amp;start=api",
        "author": "최태성 (지은이)",
        "pubDate": "2023-12-01",
        "description": "오랜 연구와 검증으로 한국사에 기초가 전혀 없는 사람도 단기간에 한능검에 합격할 수 있는 최적의 구성을 완성하였다. 판서의 장인 큰별쌤 최태성이 핵심만을 모아 만든 아트 판서를 수록하고, 시험에 자주 등장하는 사료, 사진, 지도 등을 모아 해설하여 합격을 위한 필수 개념을 익히기 쉽게 하였다.",
        "isbn": "K422936456",
        "isbn13": "9791138919999",
        "itemId": 329745037,
        "priceSales": 14400,
        "priceStandard": 16000,
        "mallType": "BOOK",
        "stockStatus": "",
        "mileage": 800,
        "cover": "https://image.aladin.co.kr/product/32974/50/coversum/k422936456_1.jpg",
        "categoryId": 166525,
        "categoryName": "국내도서>수험서/자격증>한국사능력검정시험>심화(1,2,3급)",
        "publisher": "이투스북",
        "salesPoint": 22430,
        "adult": false,
        "fixedPrice": true,
        "customerReviewRank": 6,
        "seriesInfo": {
            "seriesId": 120416,
            "seriesLink": "http://www.aladin.co.kr/shop/common/wseriesitem.aspx?SRID=120416&amp;partner=openAPI",
            "seriesName": "큰별쌤 최태성의 별★별한국사 한국사능력검정시험 시리즈 "
        },
        "subInfo": {}
        },
        {
        "title": "2024 큰별쌤 최태성의 별★별한국사 한국사능력검정시험 심화(1, 2, 3급) 하 - 한국사능력검정시험 심화(1, 2, 3급)에 대비한 맞춤 기본서",
        "link": "http://www.aladin.co.kr/shop/wproduct.aspx?ItemId=329745341&amp;partner=openAPI&amp;start=api",
        "author": "최태성 (지은이)",
        "pubDate": "2023-12-01",
        "description": "한국사에 기초가 전혀 없는 사람도 단기간에 한능검에 합격할 수 있는 수험서다. 판서의 장인 큰별쌤 최태성이 핵심만을 모아 만든 아트 판서를 수록하고, 시험에 자주 등장하는 사료, 사진, 지도 등을 모아 해설하여 합격을 위한 필수 개념을 익히기 쉽게 하였다.",
        "isbn": "K762936456",
        "isbn13": "9791138920001",
        "itemId": 329745341,
        "priceSales": 13950,
        "priceStandard": 15500,
        "mallType": "BOOK",
        "stockStatus": "",
        "mileage": 770,
        "cover": "https://image.aladin.co.kr/product/32974/53/coversum/k762936456_1.jpg",
        "categoryId": 166525,
        "categoryName": "국내도서>수험서/자격증>한국사능력검정시험>심화(1,2,3급)",
        "publisher": "이투스북",
        "salesPoint": 19330,
        "adult": false,
        "fixedPrice": true,
        "customerReviewRank": 0,
        "seriesInfo": {
            "seriesId": 120416,
            "seriesLink": "http://www.aladin.co.kr/shop/common/wseriesitem.aspx?SRID=120416&amp;partner=openAPI",
            "seriesName": "큰별쌤 최태성의 별★별한국사 한국사능력검정시험 시리즈 "
        },
        "subInfo": {}
        },
        {
        "title": "최소한의 한국사 - 5천 년 역사가 단숨에 이해되는",
        "link": "http://www.aladin.co.kr/shop/wproduct.aspx?ItemId=318885306&amp;partner=openAPI&amp;start=api",
        "author": "최태성 (지은이)",
        "pubDate": "2023-06-21",
        "description": "‘외워야 할 것 많고 어려운 한국사, 쉽고 빠르고 재미있게 핵심 내용만 알 수는 없을까?’ 많은 사람이 역사 공부에 앞서 마음에 품는 이 질문에 답하기 위해 대한민국 대표 역사 강사 최태성이 나섰다.",
        "isbn": "K452833633",
        "isbn13": "9791198243430",
        "itemId": 318885306,
        "priceSales": 16200,
        "priceStandard": 18000,
        "mallType": "BOOK",
        "stockStatus": "",
        "mileage": 900,
        "cover": "https://image.aladin.co.kr/product/31888/53/coversum/k452833633_1.jpg",
        "categoryId": 52593,
        "categoryName": "국내도서>역사>한국사 일반",
        "publisher": "프런트페이지",
        "salesPoint": 122481,
        "adult": false,
        "fixedPrice": true,
        "customerReviewRank": 9,
        "subInfo": {}
        },
        {
        "title": "2023 큰별쌤 최태성의 별★별한국사 한국사능력검정시험 심화(1, 2, 3급) 상 - 한국사능력검정시험 심화(1,2,3급)에 대비한 맞춤 기본서",
        "link": "http://www.aladin.co.kr/shop/wproduct.aspx?ItemId=306845779&amp;partner=openAPI&amp;start=api",
        "author": "최태성 (지은이)",
        "pubDate": "2022-12-05",
        "description": "시대의 흐름이 한눈에 보이는 큰별쌤의 아트 판서로 내용이 쉽게 정리된다. 시험에 자주 등장하는 사진, 도표, 지도, 사료 등을 모아 쉽게 해설하여 빈틈없이 대비할 수 있으며, 큰별쌤의 아트 판서 내용을 표로 정리하여 배운 내용을 복습할 수 있다.",
        "isbn": "K042830232",
        "isbn13": "9791138911726",
        "itemId": 306845779,
        "priceSales": 13950,
        "priceStandard": 15500,
        "mallType": "BOOK",
        "stockStatus": "",
        "mileage": 770,
        "cover": "https://image.aladin.co.kr/product/30684/57/coversum/k042830232_1.jpg",
        "categoryId": 166525,
        "categoryName": "국내도서>수험서/자격증>한국사능력검정시험>심화(1,2,3급)",
        "publisher": "이투스북",
        "salesPoint": 99989,
        "adult": false,
        "fixedPrice": true,
        "customerReviewRank": 8,
        "seriesInfo": {
            "seriesId": 120416,
            "seriesLink": "http://www.aladin.co.kr/shop/common/wseriesitem.aspx?SRID=120416&amp;partner=openAPI",
            "seriesName": "큰별쌤 최태성의 별★별한국사 한국사능력검정시험 시리즈 "
        },
        "subInfo": {}
        },
        {
        "title": "뼈때리는 한국사 - 닥터 본즈 우은진의",
        "link": "http://www.aladin.co.kr/shop/wproduct.aspx?ItemId=326117898&amp;partner=openAPI&amp;start=api",
        "author": "우은진 (지은이)",
        "pubDate": "2023-11-24",
        "description": "그간 특별히 주목받지 못했던 인골을 이용한 옛사람 연구의 현재 상황을 구체적인 사례를 들어가면서 생생히 보여준다. 다양한 생물인류학 분야의 연구 중 주로 유적에서 출토된 사람뼈에 남은 흔적으로 개인의 생애와 집단의 생활상을 복원하는 연구를 하고 있는 저자 우은진은 무덤 속에서 새롭게 수습된 뼈의 면면과 기록을 읽어내고 그 새로운 이야기들을 들려주기 위해 오늘도 뼈를 만진다.",
        "isbn": "8964621948",
        "isbn13": "9788964621943",
        "itemId": 326117898,
        "priceSales": 16200,
        "priceStandard": 18000,
        "mallType": "BOOK",
        "stockStatus": "",
        "mileage": 900,
        "cover": "https://image.aladin.co.kr/product/32611/78/coversum/8964621948_2.jpg",
        "categoryId": 78,
        "categoryName": "국내도서>역사>고고학",
        "publisher": "뿌리와이파리",
        "salesPoint": 9035,
        "adult": false,
        "fixedPrice": true,
        "customerReviewRank": 10,
        "subInfo": {}
        },
        {
        "title": "설민석의 한국사 대모험 퀴즈쇼 1 : 예선 편",
        "link": "http://www.aladin.co.kr/shop/wproduct.aspx?ItemId=327615517&amp;partner=openAPI&amp;start=api",
        "author": "단꿈아이 (지은이), 정현희 (그림), 강석화 (감수)",
        "pubDate": "2023-10-30",
        "description": "누적 판매 부수 500만 부라는 경이로운 수치를 기록하며 대한민국 대표 어린이 역사책으로 굳건히 자리매김한 &lt;설민석의 한국사 대모험&gt;. 이번에는 &lt;설민석의 한국사 대모험 퀴즈쇼&gt;로 어린이 독자 여러분을 찾아왔다.",
        "isbn": "K132936288",
        "isbn13": "9791193031292",
        "itemId": 327615517,
        "priceSales": 11700,
        "priceStandard": 13000,
        "mallType": "BOOK",
        "stockStatus": "",
        "mileage": 650,
        "cover": "https://image.aladin.co.kr/product/32761/55/coversum/k132936288_1.jpg",
        "categoryId": 48904,
        "categoryName": "국내도서>어린이>초등 한국사",
        "publisher": "단꿈아이",
        "salesPoint": 8480,
        "adult": false,
        "fixedPrice": true,
        "customerReviewRank": 10,
        "seriesInfo": {
            "seriesId": 120172,
            "seriesLink": "http://www.aladin.co.kr/shop/common/wseriesitem.aspx?SRID=120172&amp;partner=openAPI",
            "seriesName": "설민석의 한국사 대모험 "
        },
        "subInfo": {}
        }
    ]
}
